{"stats":{"minecraft:picked_up":{"minecraft:wheat_seeds":2,"minecraft:dirt":2},"minecraft:mined":{"minecraft:large_fern":16,"minecraft:grass":1,"minecraft:grass_block":1,"minecraft:spruce_leaves":2,"minecraft:fern":7,"minecraft:dirt":1},"minecraft:custom":{"minecraft:jump":22,"minecraft:time_since_rest":5804,"minecraft:leave_game":3,"minecraft:play_time":5804,"minecraft:sprint_one_cm":559,"minecraft:damage_taken":90,"minecraft:time_since_death":5804,"minecraft:walk_one_cm":18065,"minecraft:total_world_time":5804,"minecraft:fall_one_cm":1614,"minecraft:fly_one_cm":1228},"minecraft:used":{"minecraft:dirt":2}},"DataVersion":3465}